end_date,t_end,A,B,C1,W_log,PHI1,D,C2,W_cal,PHI2,sigma,r2
2015-07-26 06:00:00.000000000,6.002053,-1.485556,5.743445,0.281576,12.190221,-1.500272,0.365286,0.545255,2.451018,1.730155,0.172795,0.977493
2015-08-25 16:30:00.000000000,6.085387,-0.847633,4.710935,1.268017,5.525788,2.065299,0.852106,0.685800,1.738210,-1.251017,0.184844,0.972176
2015-09-25 03:00:00.000000000,6.168720,-1.496780,5.742302,0.241986,12.782783,-2.120886,0.136776,0.545921,2.464471,1.693220,0.172046,0.973560
2015-10-25 13:29:59.999999936,6.252053,-1.399895,5.569103,0.785393,12.345915,-1.798545,1.525869,0.510448,2.310798,2.164847,0.167044,0.972438
2015-11-24 23:59:59.999999936,6.335387,-1.315232,5.425120,1.221081,12.630792,-2.084692,2.000000,0.495006,2.240166,2.449592,0.163074,0.971808
2015-12-25 10:29:59.999999936,6.418720,-1.044838,4.826209,0.509044,7.423325,1.460153,0.010000,0.114818,7.391544,-2.066298,0.167794,0.967597
2016-01-24 20:59:59.999999936,6.502053,-1.055351,4.999594,1.385835,15.667937,1.960538,2.000000,0.476785,2.052949,-3.095328,0.151458,0.971399
2016-02-24 07:29:59.999999904,6.585387,-0.996609,4.898719,1.404592,16.348809,1.461609,2.000000,0.488067,2.024188,-2.985485,0.149932,0.970145
2016-03-25 17:59:59.999999904,6.668720,-0.957919,4.833134,1.370057,16.440621,1.395960,2.000000,0.491219,2.004300,-2.908751,0.150635,0.967844
2016-04-25 04:29:59.999999904,6.752053,-0.875953,4.705268,1.141048,16.073818,1.821743,2.000000,0.498787,1.982302,-2.827659,0.144200,0.968309
2016-05-25 14:59:59.999999904,6.835387,0.058096,3.000000,2.128728,5.450120,-2.244871,0.911890,0.210868,2.970944,-1.253240,0.131489,0.972958
2016-06-25 01:29:59.999999904,6.918720,-0.854351,4.660459,1.244270,30.633149,-2.767139,2.000000,0.492730,1.948377,-2.675295,0.134532,0.971807
2016-07-25 11:59:59.999999872,7.002053,0.087696,3.000000,2.788785,5.293954,-2.046095,1.163874,0.231450,2.802959,-0.516733,0.130327,0.973612
2016-08-24 22:29:59.999999872,7.085387,-0.901027,4.708491,0.290191,34.271587,-0.802622,0.612211,0.477950,1.875911,-2.344625,0.114715,0.979412
2016-09-24 08:59:59.999999872,7.168720,-0.886675,4.678215,0.228379,34.180146,-0.747191,0.429493,0.473616,1.847685,-2.227404,0.117950,0.977723
2016-10-24 19:29:59.999999872,7.252053,-0.855858,4.624582,0.212774,33.954476,-0.508600,0.365652,0.469924,1.824929,-2.142995,0.122663,0.974857
2016-11-24 05:59:59.999999840,7.335387,-2.195061,6.109532,0.326654,10.399410,-2.905504,0.010000,0.576999,0.729477,3.141593,0.131318,0.969441
2016-12-24 16:29:59.999999840,7.418720,-0.841344,4.584467,0.223647,33.254734,0.367286,0.389371,0.460082,1.763160,-1.880258,0.131930,0.967153
2017-01-24 02:59:59.999999840,7.502053,-2.645399,6.734540,0.300321,11.007380,2.434044,0.010000,0.671671,0.755504,3.141593,0.128677,0.967404
2017-02-23 13:29:59.999999840,7.585387,-0.886634,4.630452,0.239779,32.874716,0.746540,0.460939,0.451678,1.690770,-1.542854,0.139324,0.959686
2017-03-25 23:59:59.999999776,7.668720,-2.731255,7.000000,0.242987,12.338480,0.357183,0.010000,0.658541,0.956102,2.252782,0.124792,0.965645
2017-04-25 10:29:59.999999776,7.752053,-2.708014,7.000000,0.222129,12.952919,-0.594020,0.010000,0.659046,1.028360,1.910287,0.123934,0.963502
2017-05-25 20:59:59.999999776,7.835387,-2.688349,7.000000,0.205115,13.383436,-1.265635,0.010000,0.657157,1.084019,1.652020,0.124776,0.960208
2017-06-25 07:29:59.999999776,7.918720,-0.700074,4.423777,1.255256,8.646158,-0.444013,0.637592,0.094009,3.617965,1.413479,0.120380,0.960358
2017-07-25 17:59:59.999999776,8.002053,-2.521097,6.812408,0.170800,14.562890,-3.054572,0.010000,0.645914,1.215196,1.008800,0.127392,0.952569
2017-08-25 04:29:59.999999776,8.085387,-2.653152,7.000000,0.159675,15.190291,2.259055,0.010000,0.671086,1.238392,0.909084,0.126666,0.951138
2017-09-24 14:59:59.999999776,8.168720,-2.652879,7.000000,0.155998,15.284624,2.130568,0.010000,0.672671,1.249908,0.846761,0.126637,0.948918
2017-10-25 01:29:59.999999776,8.252053,-2.653195,7.000000,0.155237,15.267580,2.167595,0.010000,0.673013,1.251764,0.835504,0.126576,0.946851
2017-11-24 11:59:59.999999776,8.335387,-2.647560,7.000000,0.156880,15.891648,1.089184,0.010000,0.673794,1.257736,0.821731,0.125710,0.945036
2017-12-24 22:29:59.999999744,8.418720,-2.638102,7.000000,0.162766,16.969634,-0.783865,0.010000,0.675592,1.265981,0.805929,0.125199,0.945397
2018-01-24 08:59:59.999999744,8.502053,-2.624667,7.000000,0.171664,17.753583,-2.218569,0.010000,0.676236,1.245733,0.955145,0.115405,0.953007
2018-02-23 19:29:59.999999776,8.585387,-1.934067,6.081065,0.343531,18.401304,2.930851,0.406482,0.583478,1.300801,0.687529,0.109232,0.957158
2018-03-26 05:59:59.999999776,8.668720,-1.539510,5.581951,3.000000,18.951142,1.984215,1.687414,0.538223,1.273691,0.916505,0.104623,0.961240
2018-04-25 16:29:59.999999712,8.752053,-1.087293,4.954571,3.000000,19.272407,1.527628,1.694913,0.478166,1.383836,0.293705,0.108496,0.959716
2018-05-26 02:59:59.999999712,8.835387,-0.825805,4.557062,0.185147,19.056433,2.095047,0.010000,0.459231,1.608399,-1.053927,0.107387,0.961979
2018-06-25 13:29:59.999999776,8.918720,-0.885410,4.611103,0.208956,18.333455,-2.791267,0.010000,0.475657,1.692816,-1.605499,0.105461,0.963866
2018-07-25 23:59:59.999999712,9.002053,-0.949202,4.678519,0.234803,17.896726,-1.956410,0.010000,0.495517,1.750796,-1.988325,0.105611,0.963643
2018-08-25 10:29:59.999999648,9.085387,-1.042263,4.786809,0.262186,17.533704,-1.287650,0.010000,0.519622,1.792081,-2.273703,0.105496,0.963655
2018-09-24 20:59:59.999999616,9.168720,-0.790855,4.488072,0.209956,18.554730,3.141593,0.010000,0.469102,1.710387,-1.687658,0.105544,0.963639
2018-10-25 07:29:59.999999680,9.252053,0.313186,3.242552,0.122158,22.354431,2.253129,0.010000,0.475036,1.319866,1.057482,0.099115,0.967881
2018-11-24 17:59:59.999999616,9.335387,0.548878,3.000000,0.112530,25.794272,1.629090,0.010000,0.515942,1.247494,1.525980,0.090405,0.973703
2018-12-25 04:29:59.999999552,9.418720,0.523994,3.000000,0.125960,23.584399,-0.221946,0.010000,0.492183,1.286069,1.314716,0.089802,0.974433
2019-01-24 14:59:59.999999552,9.502053,-0.476886,4.136141,0.147536,21.680497,-2.825333,0.010000,0.420626,1.508146,-0.313410,0.084926,0.977465
2019-02-24 01:29:59.999999616,9.585387,-0.841017,4.556283,0.156980,21.829948,3.088763,0.010000,0.399768,1.580275,-0.867563,0.079196,0.980620
2019-03-26 11:59:59.999999552,9.668720,-1.101091,4.834059,0.405033,11.445773,0.531889,0.010000,0.190895,3.201472,-2.195437,0.069979,0.985031
2019-04-25 22:29:59.999999552,9.752053,-0.797761,4.524329,0.146194,23.700914,-0.469778,0.010000,0.388870,1.472566,-0.162866,0.081150,0.980092
2019-05-26 08:59:59.999999552,9.835387,-1.699027,5.558003,3.000000,11.606848,0.151479,1.074488,0.209418,3.182067,-1.949819,0.073448,0.983976
2019-06-25 19:29:59.999999552,9.918720,-0.987590,4.761158,0.153738,25.371929,2.622195,0.010000,0.370528,1.412351,0.191325,0.096669,0.973012
2019-07-26 05:59:59.999999552,10.002053,-1.802072,5.696643,0.163507,26.261283,0.805455,0.010000,0.313627,1.532278,-0.781593,0.102051,0.970927
2019-08-25 16:29:59.999999552,10.085387,-2.681138,6.700257,0.167074,27.015308,-0.813047,0.010000,0.264651,1.745289,-2.430859,0.099692,0.972992
2019-09-25 02:59:59.999999552,10.168720,-2.946976,7.000000,0.163872,27.502993,-1.888101,0.010000,0.247232,1.833394,-3.097954,0.094001,0.976451
2019-10-25 13:29:59.999999552,10.252053,-2.950624,7.000000,0.158212,27.635084,-2.189486,0.010000,0.245280,1.835603,-3.111084,0.092955,0.977087
2019-11-24 23:59:59.999999552,10.335387,-2.952856,7.000000,0.153905,27.633866,-2.195043,0.010000,0.246021,1.833312,-3.092396,0.093292,0.977000
2019-12-25 10:29:59.999999488,10.418720,-2.917555,6.924742,0.300086,14.376014,0.727650,0.010000,0.183008,3.588153,0.998073,0.079590,0.983186
2020-01-24 20:59:59.999999488,10.502053,-2.763515,6.781693,0.150411,27.863900,-2.641725,0.010000,0.265074,1.767812,-2.603143,0.097423,0.974452
2020-02-24 07:29:59.999999552,10.585387,-2.566026,6.561486,0.158754,28.341677,2.651561,0.010000,0.277529,1.731440,-2.337234,0.095394,0.975084
2020-03-25 17:59:59.999999488,10.668720,-2.778752,6.770675,0.308032,14.208272,1.058091,0.010000,0.186521,3.621235,0.713956,0.079591,0.982268
2020-04-25 04:29:59.999999488,10.752053,-2.144625,6.091291,0.174402,29.260638,0.722583,0.010000,0.302294,1.662370,-1.839499,0.096458,0.973112
2020-05-25 14:59:59.999999488,10.835387,-2.210741,6.169348,0.173560,29.871114,-0.592926,0.010000,0.302629,1.712037,-2.239622,0.094981,0.973080
2020-06-25 01:29:59.999999488,10.918720,-2.264736,6.234177,0.172034,30.552670,-2.061418,0.010000,0.303938,1.763636,-2.658057,0.093481,0.972991
2020-07-25 11:59:59.999999488,11.002053,-2.262538,6.233762,0.172302,30.847959,-2.700595,0.010000,0.305052,1.779856,-2.794459,0.093177,0.972188
2020-08-24 22:29:59.999999424,11.085387,-2.968678,7.000000,0.392908,15.603616,-1.858712,0.122770,0.173305,3.824206,-1.076525,0.080005,0.978740
2020-09-24 08:59:59.999999424,11.168720,-2.247732,6.224483,0.169888,31.697617,1.736790,0.010000,0.307098,1.832977,3.038266,0.092918,0.969774
2020-10-24 19:29:59.999999488,11.252053,-2.210779,6.183387,0.170759,31.521641,2.103843,0.010000,0.306176,1.819327,-3.141593,0.093177,0.967929
2020-11-24 05:59:59.999999360,11.335387,-2.444048,6.437091,3.000000,15.682904,-2.115679,1.071155,0.166981,3.834056,-1.259686,0.078497,0.976439
2020-12-24 16:29:59.999999360,11.418720,-2.459378,6.452191,3.000000,15.596944,-1.927989,1.072043,0.167970,3.827558,-1.203982,0.078284,0.976006
2021-01-24 02:59:59.999999360,11.502053,-2.513409,6.510109,3.000000,15.623108,-1.969992,1.068849,0.172335,3.854925,-1.444474,0.079057,0.975480
2021-02-23 13:29:59.999999360,11.585387,-2.672726,6.670670,0.189640,33.029865,-1.177432,0.010000,0.320461,1.794122,-2.802122,0.088701,0.969027
2021-03-25 23:59:59.999999360,11.668720,-2.975498,7.000000,0.602716,15.255308,-1.115758,0.310531,0.180313,3.818658,-1.103877,0.080103,0.974876
2021-04-25 10:29:59.999999360,11.752053,-2.991132,7.000000,0.196953,33.629562,-2.536105,0.010000,0.332936,1.747499,-2.338622,0.086622,0.970686
2021-05-25 20:59:59.999999360,11.835387,-2.719255,6.731556,1.006992,15.578007,-1.848842,0.560924,0.177608,3.831162,-1.196282,0.081702,0.973625
2021-06-25 07:29:59.999999360,11.918720,-2.444443,6.438556,3.000000,15.805880,-2.375551,1.072407,0.172135,3.903237,-1.844503,0.085559,0.970488
2021-07-25 17:59:59.999999360,12.002053,-2.546571,6.538371,3.000000,15.470903,-1.654357,1.067263,0.168789,3.960366,-2.347971,0.089215,0.967063
2021-08-25 04:29:59.999999296,12.085387,-1.421904,5.374345,0.190739,32.649815,-0.169902,0.010000,0.284673,2.067940,0.936971,0.107845,0.950615
2021-09-24 14:59:59.999999296,12.168720,-2.010632,5.990950,3.000000,16.471123,2.421874,1.104507,0.171815,3.926158,-2.005445,0.088920,0.965239
2021-10-25 01:29:59.999999360,12.252053,-1.074649,5.024793,0.207511,33.911033,-3.004080,0.010000,0.268085,2.131320,0.359045,0.100878,0.953840
2021-11-24 11:59:59.999999296,12.335387,-2.788031,6.788990,3.000000,15.019792,-0.645773,1.051610,0.167483,3.976789,-2.545003,0.091788,0.960695
2021-12-24 22:29:59.999999296,12.418720,-1.137488,5.094943,0.203390,34.619845,1.570874,0.010000,0.253679,2.059375,1.040739,0.099371,0.952049
2022-01-24 08:59:59.999999296,12.502053,-2.799042,6.801141,3.000000,14.961702,-0.510671,1.051326,0.167715,3.980866,-2.597775,0.092138,0.956758
2022-02-23 19:29:59.999999296,12.585387,-2.511251,6.507579,3.000000,15.448517,-1.583845,1.071735,0.168070,3.951547,-2.326368,0.092704,0.953809
2022-03-26 05:59:59.999999296,12.668720,-2.235901,6.225689,3.000000,16.146666,3.141593,1.086992,0.165811,3.901736,-1.835645,0.092978,0.951073
2022-04-25 16:29:59.999999232,12.752053,-1.305880,5.289676,3.000000,38.028262,0.039615,1.265235,0.223648,1.696160,-1.669341,0.097276,0.942964
2022-05-26 02:59:59.999999232,12.835387,-1.203135,5.196263,3.000000,38.914193,-1.995730,1.264434,0.225091,1.620352,-0.872338,0.095580,0.942037
2022-06-25 13:29:59.999999296,12.918720,-1.813469,5.786246,3.000000,18.013676,-1.093498,1.099538,0.167702,3.696214,0.195173,0.099165,0.935076
2022-07-25 23:59:59.999999232,13.002053,-1.145245,5.128491,3.000000,37.816224,0.469578,1.262608,0.226683,1.718514,-1.840173,0.098057,0.933111
2022-08-25 10:29:59.999999232,13.085387,-1.543346,5.509286,3.000000,19.295502,2.288203,1.079058,0.171614,3.484240,2.318617,0.104246,0.921672
2022-09-24 20:59:59.999999232,13.168720,-1.201906,5.178799,3.000000,37.019423,2.281066,1.255777,0.229415,1.780773,-2.486087,0.098092,0.928628
2022-10-25 07:29:59.999999232,13.252053,-0.735856,4.730546,0.449700,36.908741,2.573683,0.460828,0.238325,1.679526,-1.345153,0.097196,0.928163
2022-11-24 17:59:59.999999232,13.335387,-0.040925,4.061877,0.150175,36.342565,-2.327879,0.010000,0.259880,1.567218,-0.071374,0.096062,0.929070
2022-12-25 04:29:59.999999168,13.418720,0.404813,3.613798,0.306058,17.135812,1.365808,0.010000,0.156872,3.136735,-0.183787,0.099835,0.923287
2023-01-24 14:59:59.999999168,13.502053,-1.278784,5.246687,0.435934,35.958915,-1.609554,0.443847,0.230354,1.835518,-3.043099,0.093966,0.932181
2023-02-24 01:29:59.999999232,13.585387,0.545282,3.478783,0.311657,16.963510,1.778842,0.010000,0.157613,3.140719,-0.225569,0.099171,0.924481
2023-03-26 11:59:59.999999168,13.668720,-0.558652,4.541982,0.277713,19.006005,3.141593,0.010000,0.159543,3.179504,-0.787766,0.099916,0.923454
2023-04-25 22:29:59.999999168,13.752053,-0.977208,4.960685,3.000000,36.489355,-2.838150,1.241587,0.243511,1.794788,-2.607134,0.091537,0.935664
2023-05-26 08:59:59.999999168,13.835387,1.000000,3.058652,3.000000,16.431286,3.031378,0.930615,0.172244,3.126524,-0.061329,0.097870,0.926457
2023-06-25 19:29:59.999999168,13.918720,-0.297441,4.312794,3.000000,37.625424,0.792146,1.227922,0.263394,1.681576,-1.381295,0.089651,0.937723
2023-07-26 05:59:59.999999168,14.002053,-0.165634,4.188623,3.000000,38.104363,-0.362172,1.220471,0.269047,1.674099,-1.314764,0.088284,0.939014
2023-08-25 16:29:59.999999040,14.085387,-0.034388,4.063860,3.000000,38.356564,-0.960428,1.218212,0.273696,1.659352,-1.159199,0.088273,0.938290
2023-09-25 02:59:59.999999040,14.168720,1.000000,3.046197,1.032461,15.974117,-2.116113,0.485881,0.172844,3.120323,0.055571,0.096116,0.925553
2023-10-25 13:29:59.999999168,14.252053,0.129158,3.900796,3.000000,37.619417,0.889606,1.202231,0.275051,1.575245,-0.177016,0.087036,0.937789
2023-11-24 23:59:59.999999040,14.335387,-0.180851,4.171141,3.000000,35.412858,0.016705,1.153361,0.263386,1.423217,1.700528,0.082528,0.942924
2023-12-25 10:29:59.999999040,14.418720,-0.889680,4.797282,3.000000,33.532002,-1.664662,1.098166,0.266029,1.217400,-1.985854,0.081734,0.940952
2024-01-24 20:59:59.999999040,14.502053,-0.854559,4.782265,3.000000,34.122336,3.141593,1.110141,0.258407,1.313748,3.141593,0.081419,0.937944
2024-02-24 07:29:59.999999040,14.585387,-3.000000,6.670920,3.000000,32.168880,1.654971,1.045720,0.347752,0.919458,1.882474,0.080643,0.934724
2024-03-25 17:59:59.999999040,14.668720,-0.471038,4.498510,0.305087,24.033982,-3.141593,0.010000,0.084917,5.492710,-0.278355,0.090331,0.913892
2024-04-25 04:29:59.999998912,14.752053,0.127361,3.934977,3.000000,37.878790,0.294733,1.374564,0.277138,1.848498,2.826695,0.082015,0.926680
2024-05-25 14:59:59.999998912,14.835387,0.370294,3.725443,3.000000,25.117629,0.367779,0.915953,0.072804,5.797375,2.022394,0.070589,0.944642
2024-06-25 01:29:59.999999040,14.918720,0.587344,3.526123,3.000000,25.338133,-0.208903,0.915733,0.067683,6.017869,-0.701974,0.067627,0.949372
2024-07-25 11:59:59.999998912,15.002053,0.443659,3.647350,1.034706,36.791053,3.141593,0.961118,0.272781,1.889324,2.266391,0.079245,0.930939
2024-08-24 22:29:59.999998912,15.085387,-0.533142,4.542809,0.647907,24.905731,0.159149,0.010000,0.461138,2.042505,2.386226,0.080355,0.929053
2024-09-24 08:59:59.999998912,15.168720,0.626274,3.476717,0.132155,33.721307,-1.834685,0.010000,0.241225,1.808986,3.141593,0.080476,0.928293
2024-10-24 19:29:59.999998912,15.252053,0.895681,3.231846,0.172820,31.702730,3.141593,0.010000,0.203002,1.749859,-2.555542,0.080023,0.927454
2024-11-24 05:59:59.999998912,15.335387,0.626832,3.476931,0.171897,34.233278,3.141593,0.116482,0.242523,1.810300,-3.141593,0.080749,0.925589
2024-12-24 16:29:59.999998912,15.418720,0.783565,3.338728,3.000000,34.220309,-3.141593,1.258876,0.232271,1.840502,2.781471,0.081267,0.923365
2025-01-24 02:59:59.999998912,15.502053,0.340345,3.764568,3.000000,25.468904,-0.927988,0.550141,0.486147,2.028874,3.141592,0.080520,0.923728
2025-02-23 13:29:59.999998912,15.585387,-0.020234,4.114338,2.008030,23.501448,-2.179464,0.228653,0.856189,1.814804,-0.266457,0.079770,0.924726
2025-03-25 23:59:59.999998912,15.668720,1.000000,3.146042,3.000000,25.839070,-1.483974,0.939322,0.075037,6.156442,-2.315436,0.069916,0.939040
2025-04-25 10:29:59.999998912,15.752053,-0.514240,4.516503,0.258733,21.480495,-3.141593,0.010000,0.110016,2.556169,0.788506,0.081310,0.911385
2025-05-25 20:59:59.999998912,15.835387,0.286494,3.792324,3.000000,23.959181,-3.141593,0.947624,0.073622,2.624024,0.250056,0.079727,0.911827
2025-06-25 07:29:59.999998912,15.918720,-1.437327,5.319476,0.184048,30.395818,0.209281,0.015464,0.268297,1.495972,0.727800,0.078786,0.910861
2025-07-25 17:59:59.999998912,16.002053,1.000000,3.150993,3.000000,25.543824,-0.747592,0.947899,0.075359,6.104324,-1.773123,0.071411,0.923728
2025-08-25 04:29:59.999998848,16.085387,0.966821,3.182166,3.000000,25.339647,-0.247514,0.943792,0.073895,6.013167,-0.646834,0.074356,0.915656
2025-09-24 14:59:59.999998912,16.168720,-1.593395,5.447072,0.230709,29.341356,3.141593,0.010000,0.313316,1.591143,-0.696103,0.076977,0.905591
2025-10-25 01:29:59.999998912,16.252053,-0.758393,4.718788,0.152703,31.746367,3.141593,0.010000,0.264919,1.591943,-0.396560,0.076201,0.903259
2025-11-24 11:59:59.999998848,16.335387,0.514093,3.605803,3.000000,21.594437,-3.141593,0.970435,0.056405,2.826645,-3.141593,0.074713,0.904372
2025-12-24 22:29:59.999998848,16.418720,0.075985,4.007692,2.967464,19.133833,-3.141593,0.990333,0.078085,2.341197,-3.141593,0.074280,0.903962
2026-01-24 08:59:59.999998720,16.502053,1.000000,3.180173,0.066104,40.000000,0.354397,0.010000,0.250171,1.594440,0.121912,0.070658,0.914428
2026-02-23 19:29:59.999998848,16.585387,1.000000,3.175691,0.064547,40.000000,0.455934,0.010000,0.249874,1.632605,-0.403141,0.071035,0.914142
2026-03-26 05:59:59.999998848,16.668720,0.826781,3.320964,0.069142,40.000000,0.554040,0.010000,0.247580,1.688767,-1.211366,0.069672,0.917887
