end_date,t_end,B,log_price,log_excess,momentum_6m
2011-07-26 06:00:00.000000016,2.002053,8.990828,1.147895,0.790011,-0.699173
2011-08-25 16:30:00.000000016,2.085387,9.710369,1.004830,0.556940,-0.607796
2011-09-25 03:00:00.000000032,2.168720,9.346887,0.756385,0.222020,-0.180330
2011-10-25 13:30:00.000000032,2.252053,8.072995,0.437887,-0.179694,0.538874
2011-11-25 00:00:00.000000032,2.335387,6.828775,0.610439,-0.087335,0.191566
2011-12-25 10:30:00.000000032,2.418720,5.081360,0.625187,-0.149966,0.349338
2012-01-24 21:00:00.000000032,2.502053,3.486913,0.798309,-0.051602,0.264425
2012-02-24 07:30:00.000000048,2.585387,2.052875,0.700932,-0.221289,0.640201
2012-03-25 18:00:00.000000048,2.668720,0.242117,0.666221,-0.326015,0.824526
2012-04-25 04:30:00.000000064,2.752053,-2.044209,0.707324,-0.352773,0.681177
2012-05-25 15:00:00.000000064,2.835387,-2.770842,0.706222,-0.419713,0.771003
2012-06-25 01:30:00.000000064,2.918720,-1.716231,0.799856,-0.390008,0.640521
2012-07-25 12:00:00.000000064,3.002053,-0.130104,0.930522,-0.321472,0.644069
2012-08-24 22:30:00.000000064,3.085387,1.728727,1.021032,-0.291391,0.897788
2012-09-24 09:00:00.000000080,3.168720,3.126519,1.078484,-0.292758,1.623477
2012-10-24 19:30:00.000000080,3.252053,3.749156,1.047913,-0.380620,2.215464
2012-11-24 06:00:00.000000080,3.335387,3.552344,1.091723,-0.392652,2.043314
2012-12-24 16:30:00.000000080,3.418720,3.385861,1.120117,-0.418721,1.756086
2013-01-24 03:00:00.000000112,3.502053,3.961473,1.252556,-0.339434,1.407121
2013-02-23 13:30:00.000000112,3.585387,4.856804,1.469926,-0.173966,1.153191
2013-03-26 00:00:00.000000112,3.668720,6.271456,1.890222,0.195621,0.421947
2013-04-25 10:30:00.000000112,3.752053,8.452811,2.155645,0.411474,0.207715
2013-05-25 21:00:00.000000112,3.835387,9.975646,2.113380,0.320727,1.570076
2013-06-25 07:30:00.000000112,3.918720,10.848601,1.998160,0.158068,1.643106
2013-07-25 18:00:00.000000112,4.002053,10.979822,1.956117,0.069584,1.896740
2013-08-25 04:30:00.000000128,4.085387,11.316053,2.046521,0.114505,1.421803
2013-09-24 15:00:00.000000112,4.168720,11.511684,2.101195,0.124614,1.313676
2013-10-25 01:30:00.000000112,4.252053,11.251205,2.259502,0.239237,0.810469
2013-11-24 12:00:00.000000112,4.335387,11.481591,2.898418,0.835317,-0.271651
2013-12-24 22:30:00.000000144,4.418720,12.498238,2.819713,0.714593,-0.123835
2014-01-24 09:00:00.000000112,4.502053,12.315583,2.904487,0.758132,-0.259275
2014-02-23 19:30:00.000000128,4.585387,11.580979,2.757423,0.570589,-0.106851
2014-03-26 06:00:00.000000160,4.668720,10.903010,2.758033,0.531451,-0.282767
2014-04-25 16:30:00.000000192,4.752053,11.054211,2.664737,0.399108,-0.231980
2014-05-26 03:00:00.000000160,4.835387,10.669613,2.762593,0.458597,-0.361883
2014-06-25 13:30:00.000000160,4.918720,10.212227,2.757796,0.416088,-0.504110
2014-07-26 00:00:00.000000192,5.002053,8.383917,2.774849,0.396064,-0.770308
2014-08-25 10:30:00.000000224,5.085387,5.802819,2.703997,0.288746,-0.651915
2014-09-24 21:00:00.000000192,5.168720,2.715629,2.616650,0.165526,-0.438899
2014-10-25 07:30:00.000000192,5.252053,-1.396553,2.548747,0.062325,-0.405777
2014-11-24 18:00:00.000000224,5.335387,-3.737454,2.581651,0.060485,-0.412905
2014-12-25 04:30:00.000000224,5.418720,-3.699608,2.505740,-0.049630,-0.242705
2015-01-24 15:00:00.000000224,5.502053,-4.080261,2.389695,-0.199358,0.148766
2015-02-24 01:30:00.000000224,5.585387,-4.589308,2.378040,-0.244190,-0.057369
2015-03-26 12:00:00.000000224,5.668720,-4.802120,2.397201,-0.257714,-0.048471
2015-04-25 22:30:00.000000224,5.752053,-5.676935,2.345858,-0.341264,0.223125
2015-05-26 09:00:00.000000224,5.835387,-6.408675,2.375199,-0.343669,0.270019
2015-06-25 19:30:00.000000224,5.918720,-5.984328,2.384388,-0.365774,0.526634
2015-07-26 06:00:00.000000224,6.002053,-4.661609,2.464078,-0.316941,0.267394
2015-08-25 16:30:00.000000224,6.085387,-3.397222,2.349355,-0.462096,0.550797
2015-09-25 03:00:00.000000224,6.168720,-2.527604,2.372965,-0.468503,0.492914
2015-10-25 13:30:00.000000224,6.252053,-1.817607,2.457421,-0.413662,0.410407
2015-11-25 00:00:00.000000224,6.335387,-0.236210,2.510208,-0.390098,0.285813
2015-12-25 10:30:00.000000256,6.418720,1.925342,2.647705,-0.281442,0.358112
2016-01-24 21:00:00.000000256,6.502053,3.153987,2.597775,-0.359840,0.436190
2016-02-24 07:30:00.000000224,6.585387,3.668610,2.624753,-0.360969,0.274445
2016-03-25 18:00:00.000000256,6.668720,4.522565,2.619422,-0.394052,0.322794
2016-04-25 04:30:00.000000256,6.752053,4.842415,2.662624,-0.378259,0.307091
2016-05-25 15:00:00.000000256,6.835387,4.979454,2.653115,-0.414840,0.430945
2016-06-25 01:30:00.000000256,6.918720,5.615274,2.826761,-0.267938,0.240388
2016-07-25 12:00:00.000000256,7.002053,6.520064,2.815870,-0.305252,0.282401
2016-08-24 22:30:00.000000320,7.085387,6.559751,2.761976,-0.385258,0.608508
2016-09-24 09:00:00.000000320,7.168720,5.678956,2.780820,-0.392220,0.414414
2016-10-24 19:30:00.000000256,7.252053,4.659441,2.816170,-0.382377,0.588521
2016-11-24 06:00:00.000000320,7.335387,4.602177,2.868587,-0.355176,1.031889
2016-12-24 16:30:00.000000320,7.418720,5.097219,2.946955,-0.301739,0.920764
2017-01-24 03:00:00.000000320,7.502053,5.847985,2.957070,-0.316276,0.894973
2017-02-23 13:30:00.000000320,7.585387,6.215014,3.066230,-0.231498,1.145683
2017-03-26 00:00:00.000000320,7.668720,6.702667,2.988027,-0.333815,1.179543
2017-04-25 10:30:00.000000352,7.752053,6.713293,3.110430,-0.235265,1.270683
2017-05-25 21:00:00.000000320,7.835387,7.594672,3.384532,0.015239,1.067476
2017-06-25 07:30:00.000000320,7.918720,10.279189,3.407337,0.014695,1.483930
2017-07-25 18:00:00.000000352,8.002053,12.306285,3.404557,-0.011189,1.293206
2017-08-25 04:30:00.000000352,8.085387,14.334040,3.639071,0.200460,0.724036
2017-09-24 15:00:00.000000416,8.168720,15.952686,3.577798,0.116557,0.673220
2017-10-25 01:30:00.000000352,8.252053,17.088982,3.745772,0.262129,0.416245
2017-11-24 12:00:00.000000352,8.335387,18.770128,3.918270,0.412452,-0.089388
2017-12-24 22:30:00.000000416,8.418720,21.726572,4.149302,0.621529,-0.710771
2018-01-24 09:00:00.000000352,8.502053,23.617720,4.051160,0.501649,-0.276468
2018-02-23 19:30:00.000000352,8.585387,22.830578,4.001089,0.430051,-0.351152
2018-03-26 06:00:00.000000416,8.668720,20.981232,3.914408,0.322051,-0.210244
2018-04-25 16:30:00.000000416,8.752053,16.978666,3.953894,0.340422,-0.288271
2018-05-26 03:00:00.000000416,8.835387,13.634917,3.873576,0.239189,-0.561856
2018-06-25 13:30:00.000000416,8.918720,10.174751,3.793917,0.138811,-0.425384
2018-07-26 00:00:00.000000416,9.002053,5.605688,3.912926,0.237295,-0.717742
2018-08-25 10:30:00.000000416,9.085387,1.710382,3.825513,0.129546,-0.447297
2018-09-24 21:00:00.000000448,9.168720,-1.840830,3.809286,0.093167,-0.420038
2018-10-25 07:30:00.000000448,9.252053,-5.357204,3.809759,0.073671,-0.182423
2018-11-24 18:00:00.000000448,9.335387,-7.735493,3.592648,-0.163229,0.656419
2018-12-25 04:30:00.000000448,9.418720,-8.636222,3.581225,-0.194266,1.019970
2019-01-24 15:00:00.000000448,9.502053,-8.397080,3.554055,-0.240876,0.872583
2019-02-24 01:30:00.000000448,9.585387,-9.131511,3.601865,-0.212338,0.820754
2019-03-26 12:00:00.000000448,9.668720,-8.891821,3.599267,-0.234040,0.656772
2019-04-25 22:30:00.000000448,9.752053,-8.066065,3.718547,-0.133700,0.442315
2019-05-26 09:00:00.000000448,9.835387,-4.885302,3.920858,0.049831,-0.148380
2019-06-25 19:30:00.000000448,9.918720,-1.473450,4.091210,0.201563,-0.459968
2019-07-26 06:00:00.000000448,10.002053,2.728705,3.990347,0.082235,-0.135407
2019-08-25 16:30:00.000000448,10.085387,6.474593,4.012242,0.085818,-0.052984
2019-09-25 03:00:00.000000512,10.168720,9.597356,3.927653,-0.016932,-0.203398
2019-10-25 13:30:00.000000448,10.252053,11.487589,3.939705,-0.022893,-0.122875
2019-11-25 00:00:00.000000448,10.335387,12.823346,3.846668,-0.133797,0.201418
2019-12-25 10:30:00.000000512,10.418720,10.716347,3.861226,-0.136962,0.209586
2020-01-24 21:00:00.000000448,10.502053,8.430220,3.922643,-0.093127,0.130797
2020-02-24 07:30:00.000000448,10.585387,5.976232,3.985750,-0.047464,0.151556
2020-03-25 18:00:00.000000512,10.668720,1.840806,3.825954,-0.224567,0.393443
2020-04-25 04:30:00.000000512,10.752053,-1.822678,3.878267,-0.189425,0.474592
2020-05-25 15:00:00.000000512,10.835387,-3.072732,3.947376,-0.137355,0.658490
2020-06-25 01:30:00.000000512,10.918720,-2.658905,3.966019,-0.135622,0.819876
2020-07-25 12:00:00.000000512,11.002053,-1.095790,3.988042,-0.130379,1.218512
2020-08-24 22:30:00.000000512,11.085387,1.431602,4.061528,-0.073547,1.268062
2020-09-24 09:00:00.000000512,11.168720,3.438810,4.022675,-0.128928,1.407433
2020-10-24 19:30:00.000000448,11.252053,4.333453,4.115563,-0.052447,1.190041
2020-11-24 06:00:00.000000512,11.335387,6.967019,4.276621,0.092327,0.637739
2020-12-24 16:30:00.000000512,11.418720,9.227989,4.375957,0.175497,0.279767
2021-01-24 03:00:00.000000512,11.502053,13.764406,4.597298,0.380790,-0.050804
2021-02-23 13:30:00.000000512,11.585387,19.446302,4.695558,0.463118,-0.026610
2021-03-26 00:00:00.000000512,11.668720,23.320611,4.726392,0.478133,-0.197795
2021-04-25 10:30:00.000000512,11.752053,25.465807,4.710583,0.446619,0.184445
2021-05-25 21:00:00.000000512,11.835387,26.552670,4.595491,0.315932,0.332563
2021-06-25 07:30:00.000000512,11.918720,24.679082,4.515841,0.220797,0.389799
2021-07-25 18:00:00.000000512,12.002053,20.866224,4.571896,0.261475,-0.036087
2021-08-25 04:30:00.000000512,12.085387,18.544737,4.682253,0.356561,-0.235440
2021-09-24 15:00:00.000000640,12.168720,14.806352,4.627494,0.286637,0.045849
2021-10-25 01:30:00.000000512,12.252053,10.576607,4.802805,0.446885,-0.399355
2021-11-24 12:00:00.000000512,12.335387,7.340333,4.761772,0.390892,-0.576483
2021-12-24 22:30:00.000000640,12.418720,3.407696,4.710740,0.325000,-0.751430
2022-01-24 09:00:00.000000512,12.502053,0.920209,4.553853,0.153353,-0.449029
2022-02-23 19:30:00.000000512,12.585387,-0.706746,4.564533,0.149371,-0.455250
2022-03-26 06:00:00.000000640,12.668720,-0.668968,4.650419,0.220691,-0.730768
2022-04-25 16:30:00.000000640,12.752053,0.525726,4.603128,0.158930,-0.606269
2022-05-26 03:00:00.000000640,12.835387,-0.247585,4.473530,0.014957,-0.498892
2022-06-25 13:30:00.000000640,12.918720,-4.365274,4.335025,-0.137831,-0.204589
2022-07-26 00:00:00.000000640,13.002053,-9.938186,4.329339,-0.157708,0.067331
2022-08-25 10:30:00.000000640,13.085387,-12.752408,4.336908,-0.164239,0.092729
2022-09-24 21:00:00.000000640,13.168720,-15.218180,4.285035,-0.230122,0.329875
2022-10-25 07:30:00.000000640,13.252053,-16.174141,4.299993,-0.229086,0.318321
2022-11-24 18:00:00.000000640,13.335387,-15.412328,4.224085,-0.318830,0.407439
2022-12-25 04:30:00.000000640,13.418720,-15.018406,4.232730,-0.323933,0.502381
2023-01-24 15:00:00.000000704,13.502053,-13.931392,4.363004,-0.207322,0.212896
2023-02-24 01:30:00.000000640,13.585387,-11.231547,4.383273,-0.200634,0.077127
2023-03-26 12:00:00.000000640,13.668720,-7.509390,4.449973,-0.147430,-0.052622
2023-04-25 22:30:00.000000704,13.752053,-1.849708,4.459154,-0.151663,0.158057
2023-05-26 09:00:00.000000640,13.835387,2.507294,4.427804,-0.196347,0.303392
2023-06-25 19:30:00.000000640,13.918720,4.946112,4.483921,-0.153483,0.306713
2023-07-26 06:00:00.000000704,14.002053,6.540650,4.469453,-0.181126,0.276313
2023-08-25 16:30:00.000000704,14.085387,8.039669,4.421836,-0.241839,0.578903
2023-09-25 03:00:00.000000704,14.168720,7.837282,4.423662,-0.253032,0.843202
2023-10-25 13:30:00.000000704,14.252053,7.560800,4.538182,-0.151453,0.546976
2023-11-25 00:00:00.000000704,14.335387,7.892417,4.579500,-0.123003,0.524529
2023-12-25 10:30:00.000000704,14.418720,7.748662,4.637277,-0.078018,0.309530
2024-01-24 21:00:00.000000704,14.502053,7.529090,4.607609,-0.120405,0.428302
2024-02-24 07:30:00.000000704,14.585387,8.597333,4.711287,-0.029373,0.195090
2024-03-25 18:00:00.000000704,14.668720,11.287591,4.845263,0.092029,-0.080456
2024-04-25 04:30:00.000000704,14.752053,14.379224,4.811670,0.045934,0.037020
2024-05-25 15:00:00.000000768,14.835387,15.959398,4.841765,0.063596,0.291225
2024-06-25 01:30:00.000000704,14.918720,16.641817,4.792042,0.001511,0.396838
2024-07-25 12:00:00.000000704,15.002053,16.558659,4.821760,0.018936,0.399435
2024-08-24 22:30:00.000000832,15.085387,15.062734,4.808832,-0.006218,0.342512
2024-09-24 09:00:00.000000704,15.168720,11.728984,4.805035,-0.022174,0.275589
2024-10-24 19:30:00.000000704,15.252053,8.481658,4.830181,-0.009119,0.292363
2024-11-24 06:00:00.000000832,15.335387,7.508178,4.987377,0.136052,0.105055
2024-12-24 16:30:00.000000832,15.418720,8.112813,4.990461,0.127175,0.081632
2025-01-24 03:00:00.000000832,15.502053,8.027805,5.021478,0.146296,0.098291
2025-02-23 13:30:00.000000832,15.585387,7.449161,4.980089,0.093074,0.138036
2025-03-26 00:00:00.000000832,15.668720,7.712159,4.942829,0.044046,0.214942
2025-04-25 10:30:00.000000832,15.752053,7.955382,4.976362,0.065872,0.145290
2025-05-25 21:00:00.000000832,15.835387,8.710785,5.039905,0.117769,-0.188485
2025-06-25 07:30:00.000000832,15.918720,9.694103,5.031277,0.097558,-0.173785
2025-07-25 18:00:00.000000832,16.002053,9.760423,5.070623,0.125381,-0.241553
2025-08-25 04:30:00.000000832,16.085387,9.203747,5.049107,0.092400,-0.482778
2025-09-24 15:00:00.000000832,16.168720,7.297893,5.050300,0.082190,-0.434255
2025-10-25 01:30:00.000000832,16.252053,5.289453,5.049007,0.069551,
2025-11-24 12:00:00.000000832,16.335387,3.391213,4.945662,-0.045082,
2025-12-24 22:30:00.000000832,16.418720,2.194872,4.944385,-0.057589,
2026-01-24 09:00:00.000000832,16.502053,1.114463,4.949847,-0.063300,
2026-02-23 19:30:00.000000832,16.585387,-1.385220,4.807718,-0.216547,
2026-03-26 06:00:00.000000832,16.668720,-5.217223,4.833173,-0.202153,
