end_date,t_end,A_sup,B_sup,r2_sup,sigma_sup,n_bubbles,mean_K,max_K
2017-07-25 18:00:00.000000000,8.002053,-1.403548,4.793332,0.819514,0.354862,3,1.053520,1.567877
2017-08-25 04:30:00.000000064,8.085387,-1.413629,4.810180,0.806007,0.355268,3,1.097071,1.573368
2017-09-24 15:00:00.000000064,8.168720,-1.344682,4.710755,0.794428,0.353000,3,1.096681,1.531510
2017-10-25 01:30:00.000000128,8.252053,-1.303022,4.654103,0.779422,0.350778,3,1.088078,1.505286
2017-11-24 12:00:00.000000128,8.335387,-1.304611,4.658220,0.763842,0.354368,3,1.087265,1.505753
2017-12-24 22:30:00.000000128,8.418720,-1.321368,4.688404,0.743083,0.362335,3,1.086409,1.514286
2018-01-24 09:00:00.000000128,8.502053,-1.378646,4.787889,0.726511,0.370285,2,0.856227,1.002697
2018-02-23 19:30:00.000000128,8.585387,-1.404745,4.838601,0.717365,0.375013,2,0.844848,0.999923
2018-03-26 06:00:00.000000192,8.668720,-1.442011,4.906551,0.708725,0.379417,2,0.831897,0.998501
2018-04-25 16:30:00.000000192,8.752053,-1.442938,4.908086,0.693777,0.380902,2,0.831690,0.998555
2018-05-26 03:00:00.000000224,8.835387,-1.527979,5.029795,0.694293,0.380363,2,0.826785,1.014301
2018-06-25 13:30:00.000000224,8.918720,-1.573576,5.089460,0.712120,0.366627,2,0.828288,1.025928
2018-07-26 00:00:00.000000224,9.002053,-1.614956,5.144892,0.728330,0.354308,2,0.828702,1.035747
2018-08-25 10:30:00.000000224,9.085387,-1.649632,5.191768,0.738429,0.346340,2,0.828736,1.043734
2018-09-24 21:00:00.000000256,9.168720,-1.665640,5.213284,0.740260,0.343340,2,0.828843,1.047493
2018-10-25 07:30:00.000000256,9.252053,-1.677394,5.229461,0.735024,0.342746,2,0.828642,1.050037
2018-11-24 18:00:00.000000320,9.335387,-1.672232,5.222659,0.724455,0.342636,2,0.828506,1.048746
2018-12-25 04:30:00.000000320,9.418720,-1.662800,5.209197,0.712536,0.342994,2,0.829023,1.046979
2019-01-24 15:00:00.000000384,9.502053,-1.658694,5.203909,0.704969,0.343699,2,0.828825,1.045884
2019-02-24 01:30:00.000000384,9.585387,-1.652501,5.195804,0.693799,0.344556,2,0.828622,1.044305
2019-03-26 12:00:00.000000448,9.668720,-1.636486,5.174590,0.679871,0.344830,2,0.828285,1.040369
2019-04-25 22:30:00.000000448,9.752053,-1.616830,5.147513,0.662012,0.343945,2,0.828640,1.036130
2019-05-26 09:00:00.000000448,9.835387,-1.613609,5.143605,0.643910,0.341970,2,0.828307,1.035133
2019-06-25 19:30:00.000000448,9.918720,-1.601499,5.130664,0.625174,0.339756,2,0.825761,1.030392
2019-07-26 06:00:00.000000448,10.002053,-1.609983,5.141850,0.605384,0.338395,2,0.825978,1.032507
2019-08-25 16:30:00.000000448,10.085387,-1.608829,5.140163,0.586817,0.337642,2,0.826070,1.032313
2019-09-25 03:00:00.000000512,10.168720,-1.608832,5.140167,0.565516,0.336441,2,0.826070,1.032313
2019-10-25 13:30:00.000000512,10.252053,-1.619267,5.154047,0.542943,0.335171,2,0.826248,1.034846
2019-11-25 00:00:00.000000512,10.335387,-1.589669,5.119627,0.516110,0.331701,2,0.822087,1.024845
2019-12-25 10:30:00.000000512,10.418720,-1.489515,5.002649,0.494100,0.326702,2,0.808382,0.991292
2020-01-24 21:00:00.000000512,10.502053,-1.276772,4.747328,0.466308,0.318675,1,0.644740,0.644740
2020-02-24 07:30:00.000000576,10.585387,-1.250920,4.719219,0.439770,0.315735,1,0.644431,0.644431
2020-03-25 18:00:00.000000576,10.668720,-1.278047,4.752689,0.418518,0.316277,1,0.641144,0.641144
2020-04-25 04:30:00.000000640,10.752053,-1.278083,4.752734,0.420459,0.315299,1,0.641139,0.641139
2020-05-25 15:00:00.000000640,10.835387,-1.282929,4.758671,0.421391,0.314546,1,0.640591,0.640591
2020-06-25 01:30:00.000000640,10.918720,-1.282929,4.758671,0.417868,0.314106,1,0.640591,0.640591
2020-07-25 12:00:00.000000640,11.002053,-1.282929,4.758671,0.404248,0.314179,1,0.640591,0.640591
2020-08-24 22:30:00.000000704,11.085387,-1.282929,4.758671,0.391972,0.314236,1,0.640591,0.640591
2020-09-24 09:00:00.000000704,11.168720,-1.282929,4.758671,0.384205,0.314112,1,0.640591,0.640591
2020-10-24 19:30:00.000000704,11.252053,-1.282929,4.758671,0.376316,0.314025,1,0.640591,0.640591
2020-11-24 06:00:00.000000768,11.335387,-1.323953,4.808405,0.400207,0.310570,1,0.636421,0.636421
2020-12-24 16:30:00.000000768,11.418720,-1.399092,4.897606,0.453907,0.299160,1,0.630503,0.630503
2021-01-24 03:00:00.000000768,11.502053,-1.421489,4.924517,0.499674,0.289857,2,0.719971,0.811497
2021-02-23 13:30:00.000000768,11.585387,-1.651515,5.205092,0.565766,0.283044,2,0.747194,0.890876
2021-03-26 00:00:00.000000832,11.668720,-1.965113,5.579320,0.623576,0.279045,2,0.691738,0.806427
2021-04-25 10:30:00.000000832,11.752053,-2.226346,5.886755,0.661080,0.278049,2,0.667091,0.775267
2021-05-25 21:00:00.000000832,11.835387,-2.315336,5.987054,0.682757,0.273366,2,0.656893,0.757022
2021-06-25 07:30:00.000000832,11.918720,-2.409081,6.094340,0.712568,0.263344,2,0.644539,0.736060
2021-07-25 18:00:00.000000832,12.002053,-2.470914,6.164753,0.739948,0.252103,2,0.636739,0.722612
2021-08-25 04:30:00.000000960,12.085387,-2.561221,6.268177,0.763876,0.243292,2,0.624767,0.702342
2021-09-24 15:00:00.000000960,12.168720,-2.657969,6.373445,0.778827,0.236379,2,0.617412,0.686541
2021-10-25 01:30:00.000000960,12.252053,-2.690630,6.407932,0.786958,0.232817,2,0.615968,0.682331
2021-11-24 12:00:00.000000960,12.335387,-2.778337,6.504445,0.796060,0.229723,2,0.608230,0.666850
2021-12-24 22:30:00.000001088,12.418720,-2.810595,6.539177,0.802414,0.226726,2,0.606141,0.661974
2022-01-24 09:00:00.000001088,12.502053,-2.823534,6.552431,0.803319,0.225648,2,0.605973,0.660743
2022-02-23 19:30:00.000001088,12.585387,-2.826017,6.555019,0.802085,0.225438,2,0.605897,0.660459
2022-03-26 06:00:00.000001088,12.668720,-2.837600,6.567473,0.802011,0.224880,2,0.605164,0.658727
2022-04-25 16:30:00.000001088,12.752053,-2.838319,6.568233,0.799297,0.224865,2,0.605131,0.658633
2022-05-26 03:00:00.000001088,12.835387,-2.864786,6.596366,0.796062,0.224972,2,0.603776,0.655021
2022-06-25 13:30:00.000001088,12.918720,-2.868189,6.597352,0.788019,0.226939,2,0.606204,0.657370
2022-07-26 00:00:00.000001088,13.002053,-2.787193,6.506995,0.774129,0.231591,2,0.614565,0.672980
2022-08-25 10:30:00.000001152,13.085387,-2.712320,6.423728,0.759247,0.234975,2,0.622037,0.687132
2022-09-24 21:00:00.000001152,13.168720,-2.538309,6.232831,0.731672,0.239856,2,0.636810,0.717220
2022-10-25 07:30:00.000001152,13.252053,-2.374640,6.050784,0.698177,0.244505,2,0.653173,0.748189
2022-11-24 18:00:00.000001152,13.335387,-2.299957,5.961737,0.666007,0.248856,2,0.666551,0.768711
2022-12-25 04:30:00.000001280,13.418720,-2.206990,5.852153,0.628705,0.254256,2,0.681953,0.792905
2023-01-24 15:00:00.000001280,13.502053,-2.118702,5.747056,0.586588,0.258234,2,0.697600,0.816984
2023-02-24 01:30:00.000001280,13.585387,-2.074644,5.695446,0.553786,0.259162,2,0.704580,0.828104
2023-03-26 12:00:00.000001280,13.668720,-2.065588,5.684801,0.529160,0.259373,2,0.706052,0.830431
2023-04-25 22:30:00.000001280,13.752053,-2.029026,5.652522,0.512079,0.258565,2,0.701412,0.828380
2023-05-26 09:00:00.000001344,13.835387,-1.988441,5.615121,0.491489,0.257830,2,0.697813,0.827781
2023-06-25 19:30:00.000001344,13.918720,-1.964494,5.589014,0.461709,0.258348,2,0.699684,0.831747
2023-07-26 06:00:00.000001344,14.002053,-1.944350,5.568246,0.434966,0.258484,2,0.700078,0.833807
2023-08-25 16:30:00.000001344,14.085387,-1.806305,5.441490,0.424705,0.257204,2,0.687386,0.831284
2023-09-25 03:00:00.000001408,14.168720,-1.628640,5.270976,0.397133,0.255140,2,0.678347,0.835926
2023-10-25 13:30:00.000001408,14.252053,-1.551140,5.200197,0.368718,0.252785,2,0.670843,0.834100
2023-11-25 00:00:00.000001408,14.335387,-1.484574,5.142122,0.344652,0.249602,2,0.661709,0.829626
2023-12-25 10:30:00.000001408,14.418720,-1.413541,5.080350,0.322680,0.245865,2,0.651764,0.824636
2024-01-24 21:00:00.000001472,14.502053,-1.352076,5.026202,0.294292,0.242495,1,0.821064,0.821064
2024-02-24 07:30:00.000001472,14.585387,-1.281730,4.963203,0.265978,0.238856,1,0.818074,0.818074
2024-03-25 18:00:00.000001472,14.668720,-1.147657,4.843436,0.256277,0.234250,1,0.812051,0.812051
2024-04-25 04:30:00.000001472,14.752053,-0.897494,4.622481,0.281607,0.227430,1,0.798124,0.798124
2024-05-25 15:00:00.000001536,14.835387,-0.738877,4.483251,0.292685,0.223854,1,0.788366,0.788366
2024-06-25 01:30:00.000001536,14.918720,-0.745194,4.489451,0.272538,0.223718,1,0.788054,0.788054
2024-07-25 12:00:00.000001536,15.002053,-0.892200,4.620097,0.207937,0.225144,1,0.795379,0.795379
2024-08-24 22:30:00.000001536,15.085387,-0.916224,4.641499,0.188712,0.225431,1,0.796520,0.796520
2024-09-24 09:00:00.000001664,15.168720,-0.916224,4.641499,0.185284,0.225288,1,0.796520,0.796520
2024-10-24 19:30:00.000001664,15.252053,-0.951721,4.673043,0.179607,0.225495,1,0.798291,0.798291
2024-11-24 06:00:00.000001664,15.335387,-1.002656,4.718686,0.195884,0.224710,1,0.800427,0.800427
2024-12-24 16:30:00.000001664,15.418720,-1.097345,4.804098,0.247346,0.218672,1,0.803798,0.803798
2025-01-24 03:00:00.000001664,15.502053,-1.195251,4.893069,0.300562,0.212073,2,0.609495,0.806579
2025-02-23 13:30:00.000001664,15.585387,-1.275355,4.965069,0.328268,0.209142,2,0.608361,0.809704
2025-03-26 00:00:00.000001664,15.668720,-1.339117,5.023849,0.360496,0.205850,2,0.605801,0.810621
2025-04-25 10:30:00.000001664,15.752053,-1.371422,5.054504,0.382928,0.204135,2,0.603518,0.810151
2025-05-25 21:00:00.000001664,15.835387,-1.407240,5.087049,0.406669,0.201821,2,0.602616,0.811174
2025-06-25 07:30:00.000001792,15.918720,-1.412781,5.092153,0.419752,0.200952,2,0.602397,0.811257
2025-07-25 18:00:00.000001792,16.002053,-1.416803,5.095942,0.429300,0.200559,2,0.602144,0.811228
2025-08-25 04:30:00.000001664,16.085387,-1.428177,5.107021,0.439586,0.200203,2,0.601018,0.810757
2025-09-24 15:00:00.000001792,16.168720,-1.436929,5.115378,0.445451,0.199998,2,0.600340,0.810573
2025-10-25 01:30:00.000001920,16.252053,-1.441252,5.119555,0.448223,0.199954,2,0.599950,0.810431
2025-11-24 12:00:00.000001920,16.335387,-1.441261,5.119563,0.444308,0.199875,2,0.599950,0.810431
2025-12-24 22:30:00.000001792,16.418720,-1.453475,5.132362,0.426422,0.198741,2,0.597724,0.808962
2026-01-24 09:00:00.000001920,16.502053,-1.514312,5.191635,0.415350,0.197591,2,0.591682,0.806426
2026-02-23 19:30:00.000001984,16.585387,-1.474281,5.156825,0.386309,0.196572,2,0.590928,0.803613
2026-03-26 06:00:00.000001984,16.668720,-0.742619,4.506494,0.376048,0.195312,2,0.593039,0.767258
