end_date,t_end,A,B,C,W_cal,PHI,D,sigma,r2
2015-07-26 06:00:00.000000000,6.002053,-1.463702,5.710301,0.473935,2.349029,2.009691,0.010000,0.204773,0.968392
2015-08-25 16:30:00.000000000,6.085387,-1.494014,5.754317,0.493165,2.359862,1.950391,0.020290,0.202103,0.966738
2015-09-25 03:00:00.000000000,6.168720,-1.487098,5.727251,0.492268,2.344562,1.983311,0.010000,0.205141,0.962410
2015-10-25 13:29:59.999999936,6.252053,-1.454096,5.656040,0.490922,2.312040,2.091654,0.010000,0.207784,0.957355
2015-11-24 23:59:59.999999936,6.335387,-1.443095,5.626360,0.491500,2.295851,2.137096,0.010000,0.209857,0.953313
2015-12-25 10:29:59.999999936,6.418720,-1.377541,5.512188,0.487113,2.247316,2.338379,0.010000,0.208201,0.950111
2016-01-24 20:59:59.999999936,6.502053,-1.254661,5.311858,0.485093,2.170151,2.678995,0.010000,0.201476,0.949389
2016-02-24 07:29:59.999999904,6.585387,-1.125967,5.104183,0.489029,2.099331,2.985598,0.010000,0.197319,0.948292
2016-03-25 17:59:59.999999904,6.668720,-0.976416,4.867951,0.548564,2.039724,-3.042441,0.075472,0.186399,0.950762
2016-04-25 04:29:59.999999904,6.752053,-0.702815,4.437399,1.079596,1.954286,-2.689074,0.536767,0.155917,0.962949
2016-05-25 14:59:59.999999904,6.835387,-0.484646,4.102053,1.776555,1.900002,-2.483964,0.882926,0.145696,0.966798
2016-06-25 01:29:59.999999904,6.918720,-0.510005,4.137777,1.633452,1.898353,-2.476631,0.824843,0.143795,0.967792
2016-07-25 11:59:59.999999872,7.002053,-0.589261,4.250824,1.284085,1.892088,-2.444902,0.662006,0.141758,0.968780
2016-08-24 22:29:59.999999872,7.085387,-0.640855,4.317819,1.066385,1.863630,-2.320523,0.542896,0.140563,0.969089
2016-09-24 08:59:59.999999872,7.168720,-0.612748,4.266975,1.101456,1.831882,-2.191445,0.571609,0.142452,0.967506
2016-10-24 19:29:59.999999872,7.252053,-0.457861,4.036742,1.531509,1.823266,-2.188898,0.797583,0.144331,0.965189
2016-11-24 05:59:59.999999840,7.335387,-0.193002,3.659071,2.659332,1.850790,-2.366742,1.172997,0.141436,0.964551
2016-12-24 16:29:59.999999840,7.418720,-0.084241,3.505123,3.000000,1.878631,-2.523986,1.250663,0.137070,0.964543
2017-01-24 02:59:59.999999840,7.502053,-0.065268,3.475187,3.000000,1.874932,-2.516822,1.252285,0.137510,0.962775
2017-02-23 13:29:59.999999840,7.585387,-0.046366,3.445950,3.000000,1.873008,-2.516627,1.254628,0.138205,0.960330
2017-03-25 23:59:59.999999776,7.668720,-0.022625,3.411175,3.000000,1.877589,-2.545699,1.256782,0.138617,0.957612
2017-04-25 10:29:59.999999776,7.752053,0.016683,3.354504,3.000000,1.888188,-2.605369,1.260700,0.139231,0.953936
2017-05-25 20:59:59.999999776,7.835387,0.067020,3.287585,3.000000,1.914080,-2.736220,1.262604,0.138938,0.950663
2017-06-25 07:29:59.999999776,7.918720,0.100810,3.248740,3.000000,1.936519,-2.852099,1.261420,0.140226,0.946210
2017-07-25 17:59:59.999999776,8.002053,0.082080,3.278646,3.000000,1.929937,-2.822772,1.258619,0.141304,0.941644
2017-08-25 04:29:59.999999776,8.085387,-0.180273,3.631190,3.000000,1.827856,-2.297779,1.232047,0.143718,0.937097
2017-09-24 14:59:59.999999776,8.168720,-0.679825,4.290719,3.000000,1.675024,-1.499528,1.170106,0.144322,0.933655
2017-10-25 01:29:59.999999776,8.252053,-1.233434,5.018194,3.000000,1.546077,-0.827461,1.095591,0.143524,0.931665
2017-11-24 11:59:59.999999776,8.335387,-1.754537,5.704506,3.000000,1.445097,-0.293838,1.028071,0.145219,0.926652
2017-12-24 22:29:59.999999744,8.418720,-2.736127,7.000000,3.000000,1.293004,0.528248,0.907682,0.150727,0.920860
2018-01-24 08:59:59.999999744,8.502053,-2.729921,7.000000,3.000000,1.288203,0.574169,0.905967,0.150974,0.919575
2018-02-23 19:29:59.999999776,8.585387,-2.725840,7.000000,3.000000,1.272817,0.673433,0.907248,0.149609,0.919631
2018-03-26 05:59:59.999999776,8.668720,-2.724995,7.000000,3.000000,1.263228,0.730508,0.909199,0.149927,0.920405
2018-04-25 16:29:59.999999712,8.752053,-2.343817,6.484990,3.000000,1.350303,0.227544,0.957365,0.148548,0.924484
2018-05-26 02:59:59.999999712,8.835387,-2.125338,6.189062,3.000000,1.414396,-0.143215,0.983538,0.147578,0.928194
2018-06-25 13:29:59.999999776,8.918720,-1.928876,5.927100,3.000000,1.467947,-0.442271,1.005158,0.149451,0.927435
2018-07-25 23:59:59.999999712,9.002053,-1.775366,5.733811,3.000000,1.480711,-0.481796,1.017774,0.149975,0.926683
2018-08-25 10:29:59.999999648,9.085387,-1.623350,5.551595,3.000000,1.469925,-0.366900,1.023949,0.147677,0.928780
2018-09-24 20:59:59.999999616,9.168720,-0.497979,4.207163,0.463477,1.407830,0.263099,0.010000,0.142643,0.933584
2018-10-25 07:29:59.999999680,9.252053,0.039692,3.588070,0.494648,1.317745,0.979038,0.010000,0.126152,0.947968
2018-11-24 17:59:59.999999616,9.335387,0.532158,3.015735,0.528816,1.258162,1.468373,0.010000,0.118763,0.954618
2018-12-25 04:29:59.999999552,9.418720,0.310891,3.254078,0.506466,1.322294,1.021580,0.010000,0.122603,0.952345
2019-01-24 14:59:59.999999552,9.502053,0.057446,3.538212,0.486513,1.377382,0.620041,0.010000,0.123918,0.952023
2019-02-24 01:29:59.999999616,9.585387,-0.161113,3.785546,0.471182,1.422032,0.288432,0.010000,0.124334,0.952234
2019-03-26 11:59:59.999999552,9.668720,-0.282557,3.924308,0.462921,1.443408,0.125375,0.010000,0.124288,0.952780
2019-04-25 22:29:59.999999552,9.752053,-0.096252,3.712416,0.475380,1.409362,0.381198,0.010000,0.124788,0.952924
2019-05-26 08:59:59.999999552,9.835387,0.215468,3.360181,0.496701,1.351386,0.806982,0.010000,0.128625,0.950857
2019-06-25 19:29:59.999999552,9.918720,-0.442416,4.124272,0.442338,1.416225,0.266445,0.010000,0.136517,0.946176
2019-07-26 05:59:59.999999552,10.002053,-1.839292,5.739776,0.986411,1.630067,-1.411267,0.535687,0.143829,0.942250
2019-08-25 16:29:59.999999552,10.085387,-2.695914,6.715681,0.892054,1.835755,-2.985841,0.552406,0.144094,0.943577
2019-09-25 02:59:59.999999552,10.168720,-2.947329,7.000000,0.496907,1.931145,2.561149,0.291383,0.140373,0.947486
2019-10-25 13:29:59.999999552,10.252053,-2.949717,7.000000,0.292053,1.952297,2.390334,0.046712,0.137719,0.949705
2019-11-24 23:59:59.999999552,10.335387,-2.952442,7.000000,0.263555,1.956396,2.358556,0.010000,0.135903,0.951191
2019-12-25 10:29:59.999999488,10.418720,-2.956644,7.000000,0.261107,1.934738,2.518668,0.010000,0.135007,0.951620
2020-01-24 20:59:59.999999488,10.502053,-2.957922,7.000000,0.263317,1.922187,2.606528,0.010000,0.135132,0.950847
2020-02-24 07:29:59.999999552,10.585387,-2.957504,7.000000,0.266669,1.922130,2.595646,0.010000,0.134924,0.950155
2020-03-25 17:59:59.999999488,10.668720,-2.960267,7.000000,0.269802,1.891436,2.811130,0.010000,0.138329,0.946439
2020-04-25 04:29:59.999999488,10.752053,-2.895997,6.926321,0.273427,1.845921,-3.141593,0.010000,0.142125,0.941625
2020-05-25 14:59:59.999999488,10.835387,-2.786151,6.804966,0.276286,1.825799,-3.005899,0.010000,0.143067,0.938924
2020-06-25 01:29:59.999999488,10.918720,-2.598991,6.600632,0.418193,1.799743,-2.828137,0.200847,0.143690,0.936187
2020-07-25 11:59:59.999999488,11.002053,-2.296681,6.272963,1.172762,1.765605,-2.594556,0.682878,0.144965,0.932680
2020-08-24 22:29:59.999999424,11.085387,-2.035606,5.994943,3.000000,1.766349,-2.645481,1.121196,0.144378,0.930762
2020-09-24 08:59:59.999999424,11.168720,-1.903315,5.854874,3.000000,1.780181,-2.806334,1.115575,0.142858,0.928551
2020-10-24 19:29:59.999999488,11.252053,-1.766219,5.709879,3.000000,1.791971,-2.950797,1.112299,0.141637,0.925894
2020-11-24 05:59:59.999999360,11.335387,-1.701899,5.642517,3.000000,1.802148,-3.056679,1.111369,0.141165,0.923803
2020-12-24 16:29:59.999999360,11.418720,-1.689072,5.629550,3.000000,1.808330,-3.112241,1.110764,0.141094,0.922058
2021-01-24 02:59:59.999999360,11.502053,-1.716881,5.662170,3.000000,1.832554,2.976862,1.105735,0.142900,0.919886
2021-02-23 13:29:59.999999360,11.585387,-1.720746,5.670776,3.000000,1.862058,2.727616,1.099326,0.145599,0.916547
2021-03-25 23:59:59.999999360,11.668720,-1.756511,5.713014,3.000000,1.879875,2.579612,1.091302,0.149032,0.913036
2021-04-25 10:29:59.999999360,11.752053,-1.838119,5.802252,2.817569,1.879725,2.589322,1.053940,0.152086,0.909636
2021-05-25 20:59:59.999999360,11.835387,-2.317526,6.297698,0.766930,1.784268,-2.803399,0.444866,0.152851,0.907688
2021-06-25 07:29:59.999999360,11.918720,-2.320438,6.295446,1.770310,1.779890,-2.751450,0.820672,0.151732,0.907183
2021-07-25 17:59:59.999999360,12.002053,-2.416930,6.387660,3.000000,1.760279,-2.562461,1.051795,0.150601,0.906143
2021-08-25 04:29:59.999999296,12.085387,-2.577371,6.548061,3.000000,1.733167,-2.313548,1.041142,0.149694,0.904851
2021-09-24 14:59:59.999999296,12.168720,-2.556265,6.524118,3.000000,1.742563,-2.403211,1.040226,0.149547,0.901679
2021-10-25 01:29:59.999999360,12.252053,-2.543703,6.510347,3.000000,1.747941,-2.454411,1.039887,0.149629,0.898445
2021-11-24 11:59:59.999999296,12.335387,-2.595853,6.562976,3.000000,1.740305,-2.386663,1.036382,0.149659,0.895510
2021-12-24 22:29:59.999999296,12.418720,-2.482740,6.448023,3.000000,1.761763,-2.579732,1.042188,0.149928,0.890845
2022-01-24 08:59:59.999999296,12.502053,-2.335523,6.298770,3.000000,1.789491,-2.826064,1.049128,0.150484,0.884650
2022-02-23 19:29:59.999999296,12.585387,-2.204622,6.167221,3.000000,1.807502,-2.976821,1.055870,0.150875,0.877653
2022-03-26 05:59:59.999999296,12.668720,-2.110614,6.074096,3.000000,1.810374,-2.982449,1.061307,0.150318,0.872117
2022-04-25 16:29:59.999999232,12.752053,-2.006856,5.974550,3.000000,1.786711,-2.715696,1.069266,0.147493,0.868877
2022-05-26 02:59:59.999999232,12.835387,-1.864042,5.834295,3.000000,1.779338,-2.599991,1.073269,0.146520,0.863789
2022-06-25 13:29:59.999999296,12.918720,-1.291545,5.270358,0.256016,1.771330,-2.441230,0.010000,0.148012,0.855363
2022-07-25 23:59:59.999999232,13.002053,-1.025112,5.009437,0.260704,1.747933,-2.129191,0.010000,0.146993,0.849690
2022-08-25 10:29:59.999999232,13.085387,-0.730334,4.723197,0.267453,1.706759,-1.633635,0.010000,0.145098,0.848251
2022-09-24 20:59:59.999999232,13.168720,-0.264517,4.272239,0.281438,1.641989,-0.869297,0.010000,0.143135,0.848031
2022-10-25 07:29:59.999999232,13.252053,0.959767,3.091579,0.325208,1.481665,0.971213,0.010000,0.138606,0.853910
2022-11-24 17:59:59.999999232,13.335387,1.000000,3.053229,0.333925,1.495619,0.818703,0.010000,0.136251,0.857306
2022-12-25 04:29:59.999999168,13.418720,1.000000,3.051192,0.333211,1.495816,0.826769,0.010000,0.135378,0.858941
2023-01-24 14:59:59.999999168,13.502053,1.000000,3.049843,0.330303,1.487381,0.928007,0.010000,0.134647,0.860746
2023-02-24 01:29:59.999999232,13.585387,1.000000,3.051539,0.327643,1.480806,0.993734,0.010000,0.135199,0.859644
2023-03-26 11:59:59.999999168,13.668720,0.490963,3.542022,0.305808,1.538005,0.348424,0.010000,0.136404,0.857337
2023-04-25 22:29:59.999999168,13.752053,-0.239778,4.244945,0.280794,1.645612,-0.865147,0.010000,0.137795,0.854210
2023-05-26 08:59:59.999999168,13.835387,-0.591123,4.581129,0.269646,1.698715,-1.459202,0.010000,0.138226,0.853304
2023-06-25 19:29:59.999999168,13.918720,-0.698296,4.684456,0.267567,1.723378,-1.741315,0.010000,0.138226,0.851955
2023-07-26 05:59:59.999999168,14.002053,-0.798228,4.780942,0.266277,1.749775,-2.044533,0.010000,0.138139,0.850688
2023-08-25 16:29:59.999999040,14.085387,-0.781881,4.765854,0.267085,1.751658,-2.070426,0.010000,0.138087,0.848990
2023-09-25 02:59:59.999999040,14.168720,-0.689213,4.677866,0.268985,1.738248,-1.925201,0.010000,0.138229,0.846022
2023-10-25 13:29:59.999999168,14.252053,-0.618769,4.611050,0.270195,1.728347,-1.819089,0.010000,0.138443,0.842598
2023-11-24 23:59:59.999999040,14.335387,-0.609997,4.604225,0.271185,1.742476,-1.993144,0.010000,0.138083,0.840215
2023-12-25 10:29:59.999999040,14.418720,-0.499477,4.506866,0.276828,1.803214,-2.756512,0.010000,0.133423,0.842650
2024-01-24 20:59:59.999999040,14.502053,-0.318095,4.342791,0.282584,1.854780,2.862367,0.010000,0.127342,0.848200
2024-02-24 07:29:59.999999040,14.585387,-0.057402,4.105652,0.288962,1.909567,2.147993,0.010000,0.117676,0.861008
2024-03-25 17:59:59.999999040,14.668720,0.192205,3.879842,0.296495,1.970234,1.371030,0.010000,0.106150,0.881092
2024-04-25 04:29:59.999998912,14.752053,0.744626,3.375228,2.577943,2.031581,0.593330,0.868955,0.095725,0.900119
2024-05-25 14:59:59.999998912,14.835387,0.992655,3.149051,3.000000,2.069841,0.103361,0.924202,0.088230,0.913514
2024-06-25 01:29:59.999999040,14.918720,1.000000,3.142346,3.000000,2.086295,-0.116462,0.925936,0.086351,0.917457
2024-07-25 11:59:59.999998912,15.002053,1.000000,3.140122,3.000000,2.083559,-0.085308,0.931776,0.087933,0.914965
2024-08-24 22:29:59.999998912,15.085387,1.000000,3.137203,3.000000,2.078790,-0.022080,0.937807,0.089681,0.911627
2024-09-24 08:59:59.999998912,15.168720,1.000000,3.133402,3.000000,2.074292,0.044637,0.943747,0.091708,0.906876
2024-10-24 19:29:59.999998912,15.252053,1.000000,3.131002,3.000000,2.084608,-0.076905,0.949343,0.092906,0.902210
2024-11-24 05:59:59.999998912,15.335387,1.000000,3.130105,3.000000,2.079048,-0.003113,0.948133,0.093015,0.901262
2024-12-24 16:29:59.999998912,15.418720,1.000000,3.132142,3.000000,2.068514,0.118097,0.945840,0.093618,0.898299
2025-01-24 02:59:59.999998912,15.502053,1.000000,3.133387,3.000000,2.052939,0.304543,0.941214,0.094152,0.895714
2025-02-23 13:29:59.999998912,15.585387,1.000000,3.133166,3.000000,2.036212,0.507444,0.932256,0.093938,0.895612
2025-03-25 23:59:59.999998912,15.668720,0.955682,3.173868,3.000000,2.024163,0.655706,0.933071,0.093259,0.891540
2025-04-25 10:29:59.999998912,15.752053,0.935942,3.193570,3.000000,2.010836,0.819546,0.936686,0.092987,0.884106
2025-05-25 20:59:59.999998912,15.835387,0.764648,3.347546,3.000000,1.978183,1.225803,0.936551,0.094573,0.875932
2025-06-25 07:29:59.999998912,15.918720,0.599887,3.495979,3.000000,1.943021,1.665128,0.937597,0.096334,0.866731
2025-07-25 17:59:59.999998912,16.002053,0.466575,3.617529,3.000000,1.900336,2.207694,0.941888,0.097740,0.857118
2025-08-25 04:29:59.999998848,16.085387,0.333121,3.738840,3.000000,1.858389,2.743108,0.945174,0.099348,0.849432
2025-09-24 14:59:59.999998912,16.168720,0.306674,3.767038,3.000000,1.806778,-2.854696,0.951791,0.097715,0.847873
2025-10-25 01:29:59.999998912,16.252053,0.368644,3.719373,3.000000,1.736491,-1.896705,0.958761,0.092465,0.857557
2025-11-24 11:59:59.999998848,16.335387,0.544664,3.571400,3.000000,1.672076,-0.991781,0.961542,0.086821,0.870865
2025-12-24 22:29:59.999998848,16.418720,0.853200,3.307923,3.000000,1.608041,-0.067059,0.958847,0.080598,0.886929
2026-01-24 08:59:59.999998720,16.502053,1.000000,3.183410,3.000000,1.574438,0.416179,0.954903,0.079070,0.892841
2026-02-23 19:29:59.999998848,16.585387,1.000000,3.182370,3.000000,1.584865,0.281255,0.952858,0.078872,0.894152
2026-03-26 05:59:59.999998848,16.668720,1.000000,3.180422,3.000000,1.598072,0.100254,0.954906,0.078811,0.894933
