date,monthly_return
1990-02-01,0.01288353259631525
1990-03-01,0.02649930264993028
1990-04-01,-0.024945632271144658
1990-05-01,0.09748614836057112
1990-06-01,-0.0067546298298253316
1990-07-01,-0.0031957865551637266
1990-08-01,-0.09038451724322549
1990-09-01,-0.048667642873510775
1990-10-01,-0.004268064788185089
1990-11-01,0.06465247933171092
1990-12-01,0.02784687304263067
1991-01-01,0.04354924666915694
1991-02-01,0.07152531247026905
1991-03-01,0.024204564882854163
1991-04-01,0.002375127669998145
1991-05-01,0.04314857120998439
1991-06-01,-0.04581588078679122
1991-07-01,0.04661124629436686
1991-08-01,0.023677934280968982
1991-09-01,-0.016731099898111945
1991-10-01,0.013445443751709751
1991-11-01,-0.04029166714582877
1991-12-01,0.1143560809505324
1992-01-01,-0.01861850298119505
1992-02-01,0.012938169067248761
1992-03-01,-0.019442562480578074
1992-04-01,0.029367751773126116
1992-05-01,0.004883129565746769
1992-06-01,-0.01486766408325313
1992-07-01,0.040847151204826515
1992-08-01,-0.02046906244868807
1992-09-01,0.011755726428246405
1992-10-01,0.003459317160873443
1992-11-01,0.03404783399645672
1992-12-01,0.012276394499534549
1993-01-01,0.008349795845924879
1993-02-01,0.013641062756839295
1993-03-01,0.02109581925570647
1993-04-01,-0.02416832344102704
1993-05-01,0.026745286726485018
1993-06-01,0.002927258524635379
1993-07-01,-0.004027143020627899
1993-08-01,0.0379479616287679
1993-09-01,-0.007665876960749829
1993-10-01,0.02069038208052798
1993-11-01,-0.009544536378005786
1993-12-01,0.012094617814621511
1994-01-01,0.03400212409213976
1994-02-01,-0.027148031857292088
1994-03-01,-0.043599178737208644
1994-04-01,0.012823467332654825
1994-05-01,0.016418067580073803
1994-06-01,-0.02450462554836741
1994-07-01,0.03282562987253623
1994-08-01,0.04100673886365103
1994-09-01,-0.02444808490466921
1994-10-01,0.022455701545499585
1994-11-01,-0.03641737834437375
1994-12-01,0.01484257482318263
1995-01-01,0.025933181820639417
1995-02-01,0.038957756323572346
1995-03-01,0.02951191172664691
1995-04-01,0.029441520986486447
1995-05-01,0.03997785931732145
1995-06-01,0.023227308405139313
1995-07-01,0.03316140269647572
1995-08-01,0.002517394959303143
1995-09-01,0.04220027299868301
1995-10-01,-0.003573939368439305
1995-11-01,0.04388767039048891
1995-12-01,0.019264635826922394
1996-01-01,0.03403871360105204
1996-02-01,0.009267432057959324
1996-03-01,0.00962987778570401
1996-04-01,0.014738467405046585
1996-05-01,0.025789723664286113
1996-06-01,0.0038218551092887854
1996-07-01,-0.04418530620678418
1996-08-01,0.021092308755822353
1996-09-01,0.05629447193143711
1996-10-01,0.027576047999813058
1996-11-01,0.07558240948526596
1996-12-01,-0.01980715426767854
1997-01-01,0.06247044285363512
1997-02-01,0.00783770360486935
1997-03-01,-0.041089300080638824
1997-04-01,0.05969995117187499
1997-05-01,0.060885177412625335
1997-06-01,0.04480439454005114
1997-07-01,0.07956826273630013
1997-08-01,-0.05602305613106673
1997-09-01,0.05476148761776822
1997-10-01,-0.0333924979589848
1997-11-01,0.046288093333574754
1997-12-01,0.017174487535375427
1998-01-01,0.011063885458677314
1998-02-01,0.07212215081878459
1998-03-01,0.05121100528138989
1998-04-01,0.01006082070840364
1998-05-01,-0.017191949233958503
1998-06-01,0.04062106064639548
1998-07-01,-0.010648406567510094
1998-08-01,-0.1445797911846185
1998-09-01,0.06406214783555164
1998-10-01,0.08134137163763366
1998-11-01,0.06061338039105335
1998-12-01,0.05762434238255354
1999-01-01,0.041814094314613026
1999-02-01,-0.031077540090630795
1999-03-01,0.04000542222538894
1999-04-01,0.0387289748101558
1999-05-01,-0.023617469626537657
1999-06-01,0.0554974720577337
1999-07-01,-0.031223678146176548
1999-08-01,-0.004944566566077224
1999-09-01,-0.02741557116296167
1999-10-01,0.0632817745889036
1999-11-01,0.020326697001449734
1999-12-01,0.05889566385872813
2000-01-01,-0.05024243463299105
2000-02-01,-0.018928643255316957
2000-03-01,0.09782851593608966
2000-04-01,-0.03008567756591407
2000-05-01,-0.020518074050611235
2000-06-01,0.024653803216618586
2000-07-01,-0.01563468916411037
2000-08-01,0.06211387491366227
2000-09-01,-0.05279338309892001
2000-10-01,-0.004224048231164512
2000-11-01,-0.07883984036538372
2000-12-01,0.004894909789198598
2001-01-01,0.035474647939257586
2001-02-01,-0.09117767644550867
2001-03-01,-0.06335156255129415
2001-04-01,0.07770723325789963
2001-05-01,0.0067033448534032924
2001-06-01,-0.024341394216136458
2001-07-01,-0.009840633980667035
2001-08-01,-0.06260561460888525
2001-09-01,-0.08075145990236865
2001-10-01,0.019067619089267573
2001-11-01,0.0767084566152787
2001-12-01,0.008760521482973349
2002-01-01,-0.014595612773402378
2002-02-01,-0.01928104192581792
2002-03-01,0.03760735347665056
2002-04-01,-0.060630917535338225
2002-05-01,-0.007363921618852465
2002-06-01,-0.07123280071195381
2002-07-01,-0.07795494840008121
2002-08-01,0.006572365086236154
2002-09-01,-0.10868594935942699
2002-10-01,0.08801932150135228
2002-11-01,0.05885837669766247
2002-12-01,-0.05874359841255483
2003-01-01,-0.02619771773687818
2003-02-01,-0.01500647604598504
2003-03-01,0.009713072041577675
2003-04-01,0.08236863144850193
2003-05-01,0.05268255632734431
2003-06-01,0.01276119488078642
2003-07-01,0.017630598469141168
2003-08-01,0.019500459190277875
2003-09-01,-0.010620275441637683
2003-10-01,0.05657428235377493
2003-11-01,0.008798753918460855
2003-12-01,0.052442494785530425
2004-01-01,0.018355601647641606
2004-02-01,0.013898199327521343
2004-03-01,-0.015086177694809466
2004-04-01,-0.015699054476913554
2004-05-01,0.01372108446762721
2004-06-01,0.019449785205772452
2004-07-01,-0.033100401913040645
2004-08-01,0.0040473776533256345
2004-09-01,0.010829365571846328
2004-10-01,0.015277905797769442
2004-11-01,0.04046269730832286
2004-12-01,0.034028083334087356
2005-01-01,-0.02437831342660124
2005-02-01,0.021045948032373474
2005-03-01,-0.01770582337008797
2005-04-01,-0.018967694822626835
2005-05-01,0.031820717349376304
2005-06-01,0.0014194031576137967
2005-07-01,0.037187886344447474
2005-08-01,-0.009122981734058233
2005-09-01,0.00809492376261467
2005-10-01,-0.016670879068254152
2005-11-01,0.03782239719377234
2005-12-01,0.0003496630596047101
2006-01-01,0.026478656025176184
2006-02-01,0.0027141782982520457
2006-03-01,0.012448635597123614
2006-04-01,0.013423961875255852
2006-05-01,-0.02877936179769114
2006-06-01,0.0013530167014950134
2006-07-01,0.006173174485320176
2006-08-01,0.023792949228760962
2006-09-01,0.02576816468265175
2006-10-01,0.032583502904404815
2006-11-01,0.01902015555116021
2006-12-01,0.014026685842574382
2007-01-01,0.015122641547361981
2007-02-01,-0.01956115215710974
2007-03-01,0.011186833026724186
2007-04-01,0.04429756365397308
2007-05-01,0.03489320030160803
2007-06-01,-0.01661234360214492
2007-07-01,-0.031006094301293752
2007-08-01,0.014988397191879166
2007-09-01,0.037400372754206934
2007-10-01,0.015907127256301612
2007-11-01,-0.04180842988140243
2007-12-01,-0.006937014740380998
2008-01-01,-0.05998104234898716
2008-02-01,-0.03248301353714156
2008-03-01,-0.004319497052708621
2008-04-01,0.04870187258421854
2008-05-01,0.012953623166434225
2008-06-01,-0.08430472359561636
2008-07-01,-0.008407683254493703
2008-08-01,0.014465924888692916
2008-09-01,-0.08910565799381842
2008-10-01,-0.16795056120710483
2008-11-01,-0.07175186154441271
2008-12-01,0.010642094336859032
2009-01-01,-0.08428882183470598
2009-02-01,-0.1064779993427244
2009-03-01,0.08759800952399832
2009-04-01,0.09570913847802687
2009-05-01,0.055931611052769004
2009-06-01,0.0019853143855079747
2009-07-01,0.07563352877310114
2009-08-01,0.03610345331981035
2009-09-01,0.03731770053124239
2009-10-01,-0.018576192928662527
2009-11-01,0.05998224648502437
2009-12-01,0.01931565516431122
2010-01-01,-0.03597277582908165
2010-02-01,0.030975496421446147
2010-03-01,0.06034702413052129
2010-04-01,0.015786410738919843
2010-05-01,-0.07985057037717469
2010-06-01,-0.05234864530129313
2010-07-01,0.07006060138505243
2010-08-01,-0.0451400100707674
2010-09-01,0.08924133290705716
2010-10-01,0.0380523410809408
2010-11-01,0.00012616131707976486
2010-12-01,0.06683187115331202
2011-01-01,0.023700562531841385
2011-02-01,0.034258986245601086
2011-03-01,0.00039753079391324775
2011-04-01,0.02961457779382526
2011-05-01,-0.011319520481623324
2011-06-01,-0.016669153060132724
2011-07-01,-0.020333072710161826
2011-08-01,-0.05432408864160487
2011-09-01,-0.07029631842319006
2011-10-01,0.1092920593446356
2011-11-01,-0.0022084033314586637
2011-12-01,0.010228846127483093
2012-01-01,0.044813659770906344
2012-02-01,0.043241775951570416
2012-03-01,0.03290793592168351
2012-04-01,-0.006273990500625604
2012-05-01,-0.06010131843340516
2012-06-01,0.041202527942957756
2012-07-01,0.013888745439514905
2012-08-01,0.02252337785268077
2012-09-01,0.02584258200468681
2012-10-01,-0.018465081819009077
2012-11-01,0.005799392317403118
2012-12-01,0.009114227632879057
2013-01-01,0.05179599979957472
2013-02-01,0.013575489324408219
2013-03-01,0.037503044991254564
2013-04-01,0.01926675406801892
2013-05-01,0.023390087514379987
2013-06-01,-0.01342813167604373
2013-07-01,0.0508864835042393
2013-08-01,-0.02896132169031196
2013-09-01,0.031358276472711166
2013-10-01,0.045967295093059635
2013-11-01,0.030473912518165225
2013-12-01,0.025317627354634054
2014-01-01,-0.03457608862369477
2014-02-01,0.04574577355919507
2014-03-01,0.008403625503505596
2014-04-01,0.007391461171702307
2014-05-01,0.02347625881264337
2014-06-01,0.020656293518999336
2014-07-01,-0.013791528350802995
2014-08-01,0.04000357932704479
2014-09-01,-0.014020162057698515
2014-10-01,0.024424800677674163
2014-11-01,0.02689408693115003
2014-12-01,-0.002519216829407256
2015-01-01,-0.03002035152924043
2015-02-01,0.057473686614352815
2015-03-01,-0.015815639164743267
2015-04-01,0.009594591074544079
2015-05-01,0.012858597308287534
2015-06-01,-0.019359123789635224
2015-07-01,0.02095206811739847
2015-08-01,-0.06033421784540227
2015-09-01,-0.02474358481868466
2015-10-01,0.08435457214648068
2015-11-01,0.0029731408930131487
2015-12-01,-0.015771957857693808
2016-01-01,-0.04962322898072313
2016-02-01,-0.0013491069275127776
2016-03-01,0.06783732412843513
2016-04-01,0.0038779624059339657
2016-05-01,0.01795723663142401
2016-06-01,0.0025922535383720025
2016-07-01,0.03686795964116185
2016-08-01,0.0014048510677484582
2016-09-01,0.00018688478819450793
2016-10-01,-0.01824049272440731
2016-11-01,0.037035137353959025
2016-12-01,0.019765374837583005
2017-01-01,0.01896619487883644
2017-02-01,0.039708178764865654
2017-03-01,0.0011647620747521348
2017-04-01,0.010270539195507356
2017-05-01,0.014072531092810037
2017-06-01,0.006241750550943559
2017-07-01,0.02056280365850882
2017-08-01,0.0030620867698973875
2017-09-01,0.020627755782101964
2017-10-01,0.023334751501988382
2017-11-01,0.030669580718061917
2017-12-01,0.011118318682830974
2018-01-01,0.05725377894461947
2018-02-01,-0.03685581181395381
2018-03-01,-0.025414020168213147
2018-04-01,0.003837109768069835
2018-05-01,0.024082244244804096
2018-06-01,0.006154449872648016
2018-07-01,0.03721476479445185
2018-08-01,0.032583990699538656
2018-09-01,0.0056920706182788106
2018-10-01,-0.06834998886769361
2018-11-01,0.020378083784286183
2018-12-01,-0.0902898436547529
2019-01-01,0.08013483569189983
2019-02-01,0.03210851327546971
2019-03-01,0.019431281619924246
2019-04-01,0.04048931393952193
2019-05-01,-0.0635480335027736
2019-06-01,0.07047670780596915
2019-07-01,0.014373109105911164
2019-08-01,-0.015841356518145777
2019-09-01,0.018710674837483898
2019-10-01,0.02165901486088595
2019-11-01,0.03629905189411575
2019-12-01,0.030182811111814756
2020-01-01,-0.00039212586234349533
2020-02-01,-0.08231873294630587
2020-03-01,-0.12351349571065617
2020-04-01,0.12819402479140174
2020-05-01,0.04762743737938613
2020-06-01,0.01988818896464828
2020-07-01,0.05638519336235093
2020-08-01,0.07187979994601834
2020-09-01,-0.03799716499763972
2020-10-01,-0.026592680019229653
2020-11-01,0.10946365941098035
2020-12-01,0.03844857198813356
2021-01-01,-0.01009624917619234
2021-02-01,0.027574537649545094
2021-03-01,0.04379560734264487
2021-04-01,0.053369027112194045
2021-05-01,0.006984127269920037
2021-06-01,0.023345476895568984
2021-07-01,0.023754322593721122
2021-08-01,0.03040565081251234
2021-09-01,-0.046509384175090984
2021-10-01,0.07006129606134426
2021-11-01,-0.006928760290665026
2021-12-01,0.04481641810716064
2022-01-01,-0.05174684964309462
2022-02-01,-0.029942154424401735
2022-03-01,0.037129991432832465
2022-04-01,-0.08720158087452601
2022-05-01,0.001833949628145648
2022-06-01,-0.0825436110733131
2022-07-01,0.0922044440182046
2022-08-01,-0.04078136096557594
2022-09-01,-0.09209948776769283
2022-10-01,0.08096129329787738
2022-11-01,0.05588472553719126
2022-12-01,-0.05761465550458056
2023-01-01,0.06283426331239328
2023-02-01,-0.024399793943813197
2023-03-01,0.03671431935844782
2023-04-01,0.015608883999174816
2023-05-01,0.004346889243029617
2023-06-01,0.06607551948450796
2023-07-01,0.03212449926459038
2023-08-01,-0.015921101962751427
2023-09-01,-0.04767813851995306
2023-10-01,-0.021026941293289414
2023-11-01,0.09132586049075653
2023-12-01,0.045430677149214116
2024-01-01,0.01680409179611586
2024-02-01,0.05339588463681255
2024-03-01,0.032174685531384695
2024-04-01,-0.040845058737709494
2024-05-01,0.04958517990102096
2024-06-01,0.035881770581602135
2024-07-01,0.012172471865234513
2024-08-01,0.024256361140686522
2024-09-01,0.02135705185853687
2024-10-01,-0.009068007656306443
2024-11-01,0.05870056801882817
2024-12-01,-0.02383809436408557
2025-01-01,0.027847318318425573
2025-02-01,-0.013047637681915525
2025-03-01,-0.056344280446628536
2025-04-01,-0.006781463483622074
2025-05-01,0.06294523524457785
2025-06-01,0.05085243875141643
2025-07-01,0.022442682801333103
2025-08-01,0.020271783333383198
2025-09-01,0.03649995166573006
2025-10-01,0.023413709984486886
2025-11-01,0.0024508748642451117
2025-12-01,0.0006120873971435792
2026-01-01,0.014500240957423749
2026-02-01,-0.0075998603063116565
2026-03-01,-0.05739042954972451
